{"lastDeploymentHandler":"com.handy.aws.functions.InventoryFindFunction","lastInvokeHandler":"com.handy.aws.functions.InventoryFindFunction","handlerMetadata":{"com.handy.aws.functions.InventoryFindFunction":{"deployment":{"regionId":"us-east-2","awsLambdaFunctionName":"InventoryFindFunction","awsIamRoleName":"basic-execution-with-s3","awsS3BucketName":"inventory-find-function","memory":0,"timeout":0},"invoke":{"selectJsonFile":false,"invokeJsonFile":"","selectJsonInput":true,"invokeInput":"\"\"","showLiveLog":true}}},"lastInvokedHandlerDeployed":true}