{"lastDeploymentHandler":"com.handy.aws.functions.InventoryDeleteFunction","lastInvokeHandler":"com.handy.aws.functions.InventoryFindFunction","handlerMetadata":{"com.handy.aws.functions.InventoryFindFunction":{"deployment":{"regionId":"us-east-2","awsLambdaFunctionName":"InventoryFindFunction","awsIamRoleName":"lambda-s3-gateway","awsS3BucketName":"inventory-find-function","memory":0,"timeout":0},"invoke":{"selectJsonFile":false,"invokeJsonFile":"","selectJsonInput":true,"invokeInput":"\"\"","showLiveLog":true}},"com.handy.aws.functions.InventoryInsertFunction":{"deployment":{"regionId":"us-east-2","awsLambdaFunctionName":"InventoryInsertFunction","awsIamRoleName":"lambda-s3-gateway","awsS3BucketName":"inventory-find-function","memory":0,"timeout":0},"invoke":null},"com.handy.aws.functions.InventoryDeleteFunction":{"deployment":{"regionId":"us-east-2","awsLambdaFunctionName":"InventoryDeleteFunction","awsIamRoleName":"lambda-s3-gateway","awsS3BucketName":"inventory-find-function","memory":0,"timeout":0},"invoke":null}},"lastInvokedHandlerDeployed":true}